Query,Target
data science,algorithms
dialogi,ancient history
hippocrates,ancient history
heroides,ancient history
methods,anthropology
winckelmannsprogramm,archaeology
shadows forgotten,biology
beginning logic,calculus
studies natural,chemistry
communication computing,civil engineering
noncognitivism ethics,cognitive science
cyber security threats,computer forensics
quantum communications,cryptography
hadoop,data science
vsam,data structures
automobile mechanical,electrical engineering
founders dilemmas,entrepreneurship
screw it lets do,entrepreneurship
kritik der praktischen vernunft,ethics
signs search communication,expert systems
la ganacia es,finance
naked forex,finance
jquery,game development
lq dynamic,game theory
desenvolvimento da personalidade,genetics
pensees,history
wireless sensor network,internet of things
konpyūtā ga netto,internet of things
cyber assurance internet things,internet of things security
iot technologies,internet of things security
es6 humans latest,javascript
smashing jquery,javascript
kiss bow shake,law
multipliers,leadership
determinanten und,linear algebra
sextus empiricus,logic
contagious,marketing
contagious,marketing
operations,mathematics
asm,mechanical engineering
dynamic systems,mechanical engineering
watchkit programming,mobile app development
mario botta,modern history
nanotechnologies,nanotechnology
matlab programming engineers,numerical analysis
exam 70 410 installing,operating systems
building virtual,penetration testing
frygt og,philosophy
zur psychopathologie des,philosophy
fit  well,physics
πολιτικός,political science
tragedy great,political science
are prisons obsolete,political science
der unbewusste gott,psychiatry
ars amatoria,psychology
menschenkenntnis,psychology
ars amatoria,psychology
social,reinforcement learning
lernen gedachtnis verhalten,reinforcement learning
vagina monologues,sociology
how not die alone,sociology
enterprise organizational modeling,system administration
unix unleashed,system administration
60 ghz technology gbps,wireless networks
php and mysql backend,web development
introduction,operating systems
visualizing business insights,data analytics
